aggregate_date,media_source,campaign,cost,platform
2022-05-01,Facebook Ads,SEOUL,25402.4666,ios
2022-05-01,Facebook Ads,SEOUL,100629.9122,android
2022-05-02,Facebook Ads,SEOUL,50226.8305,android
2022-05-02,Facebook Ads,SEOUL,50796.9912,android
2022-05-03,Facebook Ads,SEOUL,25293.6248,android
2022-05-03,Facebook Ads,SEOUL,25410.1026,ios
2022-05-03,Facebook Ads,SEOUL,125244.5879,android
2022-05-04,Facebook Ads,SEOUL,25063.0228,android
2022-05-04,Facebook Ads,SEOUL,25250.1872,ios
2022-05-04,Facebook Ads,SEOUL,50523.916,android
2022-05-04,Facebook Ads,SEOUL,150763.8304,android
2022-05-05,Facebook Ads,SEOUL,25022.6299,android
2022-05-05,Facebook Ads,SEOUL,25271.8846,android
2022-05-05,Facebook Ads,SEOUL,50363.7009,android
2022-05-05,Facebook Ads,SEOUL,50569.1607,ios
2022-05-06,Facebook Ads,SEOUL,25158.171,android
2022-05-06,Facebook Ads,SEOUL,25218.2931,ios
2022-05-06,Facebook Ads,SEOUL,50001.6873,android
2022-05-06,Facebook Ads,SEOUL,50633.878,ios
2022-05-07,Facebook Ads,SEOUL,25129.8555,android
2022-05-07,Facebook Ads,SEOUL,25400.1453,android
2022-05-07,Facebook Ads,SEOUL,25403.9279,android
2022-05-07,Facebook Ads,SEOUL,75556.8115,ios
2022-05-07,Facebook Ads,SEOUL,101207.8679,android
2022-05-08,Facebook Ads,SEOUL,25046.7004,android
2022-05-08,Facebook Ads,SEOUL,25406.333,android
2022-05-08,Facebook Ads,SEOUL,25407.8929,android
2022-05-08,Facebook Ads,SEOUL,76282.6881,ios
2022-05-09,Facebook Ads,SEOUL,25157.9831,android
2022-05-09,Facebook Ads,SEOUL,25318.8241,android
2022-05-09,Facebook Ads,SEOUL,25334.622,ios
2022-05-09,Facebook Ads,SEOUL,25364.0909,android
2022-05-09,Facebook Ads,SEOUL,50502.9598,ios
2022-05-09,Facebook Ads,SEOUL,50882.608,android
2022-05-10,Facebook Ads,SEOUL,25312.1608,android
2022-05-10,Facebook Ads,SEOUL,50757.0288,android
2022-05-10,Facebook Ads,SEOUL,75193.1057,ios
2022-05-11,Facebook Ads,SEOUL,25171.9908,ios
2022-05-11,Facebook Ads,SEOUL,25258.0373,android
2022-05-11,Facebook Ads,SEOUL,50891.264,ios
2022-05-11,Facebook Ads,SEOUL,177907.0169,android
2022-05-12,Facebook Ads,SEOUL,75402.0666,android
2022-05-13,Facebook Ads,SEOUL,25116.5753,android
2022-05-13,Facebook Ads,SEOUL,25447.5971,ios
2022-05-13,Facebook Ads,SEOUL,50181.4757,android
2022-05-14,Facebook Ads,SEOUL,50847.6186,android
2022-05-15,Facebook Ads,SEOUL,25006.2746,android
2022-05-15,Facebook Ads,SEOUL,25366.5038,android
2022-05-16,Facebook Ads,SEOUL,25067.9476,android
2022-05-16,Facebook Ads,SEOUL,25077.8193,android
2022-05-16,Facebook Ads,SEOUL,25124.6542,android
2022-05-16,Facebook Ads,SEOUL,50325.6225,ios
2022-05-17,Facebook Ads,SEOUL,25391.7353,ios
2022-05-17,Facebook Ads,SEOUL,50101.7677,ios
2022-05-17,Facebook Ads,SEOUL,126969.934,android
2022-05-18,Facebook Ads,SEOUL,25401.5662,android
2022-05-18,Facebook Ads,SEOUL,50167.5626,android
2022-05-18,Facebook Ads,SEOUL,50819.0794,ios
2022-05-19,Facebook Ads,SEOUL,25010.0391,android
2022-05-19,Facebook Ads,SEOUL,25438.9445,ios
2022-05-19,Facebook Ads,SEOUL,75938.9511,android
2022-05-20,Facebook Ads,SEOUL,25159.4045,android
2022-05-20,Facebook Ads,SEOUL,25319.0291,ios
2022-05-20,Facebook Ads,SEOUL,101683.0475,android
2022-05-21,Facebook Ads,SEOUL,25236.3322,android
2022-05-22,Facebook Ads,SEOUL,100918.6428,android
2022-05-23,Facebook Ads,SEOUL,25419.439,ios
2022-05-23,Facebook Ads,SEOUL,75675.0583,android
2022-05-24,Facebook Ads,SEOUL,75822.4305,android
2022-05-25,Facebook Ads,SEOUL,25280.9976,ios
2022-05-25,Facebook Ads,SEOUL,25407.9928,android
2022-05-25,Facebook Ads,SEOUL,25481.7764,ios
2022-05-26,Facebook Ads,SEOUL,25032.674,ios
2022-05-26,Facebook Ads,SEOUL,25249.8745,ios
2022-05-26,Facebook Ads,SEOUL,50941.5644,android
2022-05-27,Facebook Ads,SEOUL,25232.5665,ios
2022-05-27,Facebook Ads,SEOUL,25366.5091,ios
2022-05-27,Facebook Ads,SEOUL,25461.398,android
2022-05-27,Facebook Ads,SEOUL,50315.9671,ios
2022-05-27,Facebook Ads,SEOUL,50757.5565,android
2022-05-27,Facebook Ads,SEOUL,50947.1192,android
2022-05-28,Facebook Ads,SEOUL,25051.9617,ios
2022-05-28,Facebook Ads,SEOUL,25099.6854,android
2022-05-28,Facebook Ads,SEOUL,25302.7566,ios
2022-05-28,Facebook Ads,SEOUL,50694.9767,android
2022-05-28,Facebook Ads,SEOUL,50921.0334,android
2022-05-28,Facebook Ads,SEOUL,75956.137,android
2022-05-29,Facebook Ads,SEOUL,25389.2597,ios
2022-05-29,Facebook Ads,SEOUL,25448.2852,android
2022-05-29,Facebook Ads,SEOUL,25490.4803,ios
2022-05-29,Facebook Ads,SEOUL,50733.6109,android
2022-05-29,Facebook Ads,SEOUL,125828.6371,android
2022-05-30,Facebook Ads,SEOUL,50239.4607,android
2022-05-30,Facebook Ads,SEOUL,50310.9316,android
2022-05-30,Facebook Ads,SEOUL,200464.8786,android
2022-05-31,Facebook Ads,SEOUL,25210.5536,android
2022-05-31,Facebook Ads,SEOUL,25401.8065,android
2022-05-31,Facebook Ads,SEOUL,50684.4518,android
2022-05-31,Facebook Ads,SEOUL,228953.4995,android
2022-06-01,Facebook Ads,SEOUL,25399.2681,ios
2022-06-01,Facebook Ads,SEOUL,25431.833,android
2022-06-01,Facebook Ads,SEOUL,76078.4234,android
2022-06-02,Facebook Ads,SEOUL,25278.3098,android
2022-06-02,Facebook Ads,SEOUL,25487.5419,ios
2022-06-02,Facebook Ads,SEOUL,175481.1965,android
2022-06-03,Facebook Ads,SEOUL,25001.3176,android
2022-06-03,Facebook Ads,SEOUL,25088.2497,android
2022-06-03,Facebook Ads,SEOUL,25135.5362,ios
2022-06-03,Facebook Ads,SEOUL,152005.7915,android
2022-06-04,Facebook Ads,SEOUL,25263.4624,ios
2022-06-04,Facebook Ads,SEOUL,50490.889,ios
2022-06-04,Facebook Ads,SEOUL,50536.8704,android
2022-06-04,Facebook Ads,SEOUL,50629.1296,android
2022-06-04,Facebook Ads,SEOUL,75940.6093,ios
2022-06-04,Facebook Ads,SEOUL,176884.3766,android
2022-06-05,Facebook Ads,SEOUL,25025.2886,ios
2022-06-05,Facebook Ads,SEOUL,25073.5047,android
2022-06-05,Facebook Ads,SEOUL,25243.6708,android
2022-06-05,Facebook Ads,SEOUL,50412.961,android
2022-06-06,Facebook Ads,SEOUL,25266.6756,android
2022-06-06,Facebook Ads,SEOUL,25339.7425,ios
2022-06-06,Facebook Ads,SEOUL,25435.1144,ios
2022-06-06,Facebook Ads,SEOUL,76104.8313,android
2022-06-07,Facebook Ads,SEOUL,50633.6028,android
2022-06-07,Facebook Ads,SEOUL,50842.3799,android
2022-06-07,Facebook Ads,SEOUL,76491.7279,ios
2022-06-08,Facebook Ads,SEOUL,25217.7365,android
2022-06-08,Facebook Ads,SEOUL,25320.9794,ios
2022-06-08,Facebook Ads,SEOUL,25377.4172,android
2022-06-08,Facebook Ads,SEOUL,25439.0448,ios
2022-06-08,Facebook Ads,SEOUL,50146.8576,android
2022-06-08,Facebook Ads,SEOUL,125623.7583,android
2022-06-09,Facebook Ads,SEOUL,25064.4034,ios
2022-06-09,Facebook Ads,SEOUL,25162.4498,ios
2022-06-09,Facebook Ads,SEOUL,25348.1439,ios
2022-06-09,Facebook Ads,SEOUL,25486.8918,android
2022-06-09,Facebook Ads,SEOUL,50669.0937,android
2022-06-09,Facebook Ads,SEOUL,75148.3216,android
2022-06-09,Facebook Ads,SEOUL,126750.6957,android
2022-06-10,Facebook Ads,SEOUL,25277.6464,android
2022-06-10,Facebook Ads,SEOUL,25401.1044,android
2022-06-10,Facebook Ads,SEOUL,50479.4409,android
2022-06-10,Facebook Ads,SEOUL,75154.0779,ios
2022-06-10,Facebook Ads,SEOUL,75651.1254,android
2022-06-11,Facebook Ads,SEOUL,25288.2604,android
2022-06-11,Facebook Ads,SEOUL,25291.4207,android
2022-06-11,Facebook Ads,SEOUL,50244.7866,ios
2022-06-11,Facebook Ads,SEOUL,50412.364,android
2022-06-11,Facebook Ads,SEOUL,254522.8003,android
2022-06-12,Facebook Ads,SEOUL,25194.412,ios
2022-06-12,Facebook Ads,SEOUL,25213.75,android
2022-06-12,Facebook Ads,SEOUL,25405.7062,ios
2022-06-12,Facebook Ads,SEOUL,75260.3092,android
2022-06-13,Facebook Ads,SEOUL,25344.3008,android
2022-06-13,Facebook Ads,SEOUL,25360.8624,android
2022-06-13,Facebook Ads,SEOUL,50971.7686,android
2022-06-14,Facebook Ads,SEOUL,25251.708,android
2022-06-14,Facebook Ads,SEOUL,25289.5825,android
2022-06-14,Facebook Ads,SEOUL,25465.3677,android
2022-06-14,Facebook Ads,SEOUL,25489.5389,ios
2022-06-14,Facebook Ads,SEOUL,50594.274,ios
2022-06-14,Facebook Ads,SEOUL,50784.139,android
2022-06-14,Facebook Ads,SEOUL,75010.2421,android
2022-06-14,Facebook Ads,SEOUL,150802.8627,ios
2022-06-15,Facebook Ads,SEOUL,25129.4817,ios
2022-06-15,Facebook Ads,SEOUL,25362.0328,android
2022-06-15,Facebook Ads,SEOUL,25375.3533,ios
2022-06-15,Facebook Ads,SEOUL,76348.9059,ios
2022-06-15,Facebook Ads,SEOUL,151670.644,ios
2022-06-15,Facebook Ads,SEOUL,303333.1453,android
2022-06-16,Facebook Ads,SEOUL,25078.4296,android
2022-06-16,Facebook Ads,SEOUL,25100.1942,android
2022-06-16,Facebook Ads,SEOUL,25135.8782,ios
2022-06-16,Facebook Ads,SEOUL,25210.5758,ios
2022-06-16,Facebook Ads,SEOUL,25347.3368,ios
2022-06-16,Facebook Ads,SEOUL,25488.3269,ios
2022-06-16,Facebook Ads,SEOUL,25497.1766,android
2022-06-16,Facebook Ads,SEOUL,50439.9704,android
2022-06-16,Facebook Ads,SEOUL,75631.9041,ios
2022-06-16,Facebook Ads,SEOUL,76236.4746,android
2022-06-16,Facebook Ads,SEOUL,254599.2674,android
2022-06-17,Facebook Ads,SEOUL,25030.9078,ios
2022-06-17,Facebook Ads,SEOUL,25135.4248,android
2022-06-17,Facebook Ads,SEOUL,25161.8412,ios
2022-06-17,Facebook Ads,SEOUL,25323.0013,android
2022-06-17,Facebook Ads,SEOUL,25447.9808,android
2022-06-17,Facebook Ads,SEOUL,25474.5004,ios
2022-06-17,Facebook Ads,SEOUL,50038.9728,ios
2022-06-17,Facebook Ads,SEOUL,50042.3896,ios
2022-06-17,Facebook Ads,SEOUL,50285.9047,android
2022-06-17,Facebook Ads,SEOUL,50700.6615,ios
2022-06-17,Facebook Ads,SEOUL,101417.1498,android
2022-06-17,Facebook Ads,SEOUL,152401.2969,ios
2022-06-17,Facebook Ads,SEOUL,253199.2661,android
2022-06-18,Facebook Ads,SEOUL,25035.3665,ios
2022-06-18,Facebook Ads,SEOUL,25064.6856,ios
2022-06-18,Facebook Ads,SEOUL,25434.8302,android
2022-06-18,Facebook Ads,SEOUL,25440.4598,android
2022-06-18,Facebook Ads,SEOUL,25486.124,android
2022-06-18,Facebook Ads,SEOUL,50430.0363,android
2022-06-18,Facebook Ads,SEOUL,50537.4348,android
2022-06-18,Facebook Ads,SEOUL,50652.1072,ios
2022-06-18,Facebook Ads,SEOUL,76287.5691,android
2022-06-18,Facebook Ads,SEOUL,127355.1539,ios
2022-06-18,Facebook Ads,SEOUL,253807.2287,android
2022-06-19,Facebook Ads,SEOUL,25035.2895,ios
2022-06-19,Facebook Ads,SEOUL,25110.3298,ios
2022-06-19,Facebook Ads,SEOUL,25148.7025,android
2022-06-19,Facebook Ads,SEOUL,25214.084,android
2022-06-19,Facebook Ads,SEOUL,25231.8562,android
2022-06-19,Facebook Ads,SEOUL,25390.5255,ios
2022-06-19,Facebook Ads,SEOUL,25458.0527,ios
2022-06-19,Facebook Ads,SEOUL,50080.2301,ios
2022-06-19,Facebook Ads,SEOUL,75985.1919,android
2022-06-19,Facebook Ads,SEOUL,100788.358,ios
2022-06-20,Facebook Ads,SEOUL,25179.5428,android
2022-06-20,Facebook Ads,SEOUL,25376.3678,android
2022-06-20,Facebook Ads,SEOUL,25434.2569,ios
2022-06-20,Facebook Ads,SEOUL,25491.5853,ios
2022-06-20,Facebook Ads,SEOUL,101481.1144,ios
2022-06-20,Facebook Ads,SEOUL,125042.3117,android
2022-06-21,Facebook Ads,SEOUL,100404.3792,ios
2022-06-21,Facebook Ads,SEOUL,152248.8906,android
2022-06-22,Facebook Ads,SEOUL,25019.7937,ios
2022-06-22,Facebook Ads,SEOUL,25132.1181,ios
2022-06-22,Facebook Ads,SEOUL,50607.4789,android
2022-06-22,Facebook Ads,SEOUL,76341.4851,android
2022-06-23,Facebook Ads,SEOUL,25058.8574,ios
2022-06-23,Facebook Ads,SEOUL,25103.7847,ios
2022-06-23,Facebook Ads,SEOUL,25360.8083,android
2022-06-23,Facebook Ads,SEOUL,25361.3644,android
2022-06-23,Facebook Ads,SEOUL,101603.6187,android
2022-06-24,Facebook Ads,SEOUL,25071.5261,ios
2022-06-24,Facebook Ads,SEOUL,25075.722,android
2022-06-24,Facebook Ads,SEOUL,25103.6599,android
2022-06-24,Facebook Ads,SEOUL,25348.3478,ios
2022-06-24,Facebook Ads,SEOUL,25403.8804,ios
2022-06-24,Facebook Ads,SEOUL,50020.8984,android
2022-06-24,Facebook Ads,SEOUL,50187.4934,android
2022-06-24,Facebook Ads,SEOUL,75422.9537,ios
2022-06-25,Facebook Ads,SEOUL,25035.926,android
2022-06-25,Facebook Ads,SEOUL,25091.8452,android
2022-06-25,Facebook Ads,SEOUL,25218.8803,ios
2022-06-25,Facebook Ads,SEOUL,25303.8307,ios
2022-06-25,Facebook Ads,SEOUL,25328.1292,ios
2022-06-25,Facebook Ads,SEOUL,25367.8801,ios
2022-06-25,Facebook Ads,SEOUL,25424.3169,android
2022-06-25,Facebook Ads,SEOUL,50777.4946,android
2022-06-25,Facebook Ads,SEOUL,100123.3294,ios
2022-06-25,Facebook Ads,SEOUL,200967.5743,android
2022-06-26,Facebook Ads,SEOUL,25211.9177,ios
2022-06-26,Facebook Ads,SEOUL,25243.4408,ios
2022-06-26,Facebook Ads,SEOUL,25363.5241,android
2022-06-26,Facebook Ads,SEOUL,25451.1105,android
2022-06-26,Facebook Ads,SEOUL,25458.8121,ios
2022-06-26,Facebook Ads,SEOUL,50034.0491,android
2022-06-26,Facebook Ads,SEOUL,50230.3256,android
2022-06-26,Facebook Ads,SEOUL,50868.3196,ios
2022-06-26,Facebook Ads,SEOUL,100629.4845,android
2022-06-26,Facebook Ads,SEOUL,152473.4766,ios
2022-06-26,Facebook Ads,SEOUL,176817.1784,android
2022-06-27,Facebook Ads,SEOUL,25489.6564,ios
2022-06-27,Facebook Ads,SEOUL,50405.0259,ios
2022-06-27,Facebook Ads,SEOUL,50717.5197,android
2022-06-27,Facebook Ads,SEOUL,201507.2433,android
2022-06-28,Facebook Ads,SEOUL,25129.4381,android
2022-06-28,Facebook Ads,SEOUL,25273.1935,android
2022-06-28,Facebook Ads,SEOUL,50177.9876,android
2022-06-28,Facebook Ads,SEOUL,50480.1667,ios
2022-06-28,Facebook Ads,SEOUL,75911.926,ios
2022-06-28,Facebook Ads,SEOUL,175689.7215,android
2022-06-29,Facebook Ads,SEOUL,25047.7626,ios
2022-06-29,Facebook Ads,SEOUL,25112.4303,ios
2022-06-29,Facebook Ads,SEOUL,25132.3726,ios
2022-06-29,Facebook Ads,SEOUL,25240.1096,android
2022-06-29,Facebook Ads,SEOUL,25434.7088,android
2022-06-29,Facebook Ads,SEOUL,50061.4692,ios
2022-06-29,Facebook Ads,SEOUL,50682.478,ios
2022-06-29,Facebook Ads,SEOUL,75546.2841,android
2022-06-29,Facebook Ads,SEOUL,101039.1548,ios
2022-06-29,Facebook Ads,SEOUL,176136.6412,android
2022-06-30,Facebook Ads,SEOUL,25345.3488,ios
2022-06-30,Facebook Ads,SEOUL,25488.1729,ios
2022-06-30,Facebook Ads,SEOUL,50350.1334,ios
2022-06-30,Facebook Ads,SEOUL,50481.6238,ios
2022-06-30,Facebook Ads,SEOUL,50548.0348,android
2022-06-30,Facebook Ads,SEOUL,50798.3129,android
2022-06-30,Facebook Ads,SEOUL,75789.8808,android
2022-06-30,Facebook Ads,SEOUL,100152.4541,android
2022-07-01,Facebook Ads,LC_Guro-dong,54075.6904,ios
2022-07-01,Facebook Ads,LC_Guro-dong,54102.3891,ios
2022-07-01,Facebook Ads,LC_Guro-dong,108176.973,android
2022-07-01,Facebook Ads,LC_Mok-dong,54756.0719,ios
2022-07-01,Facebook Ads,LC_Mok-dong,216099.2541,android
2022-07-01,Facebook Ads,LC_Mullae-dong,54326.9308,ios
2022-07-01,Facebook Ads,LC_Mullae-dong,108062.6568,android
2022-07-01,Facebook Ads,LC_Sindorim-dong,109171.435,android
2022-07-01,Facebook Ads,SEOUL,35236.0671,ios
2022-07-01,Facebook Ads,SEOUL,35569.887,android
2022-07-01,Facebook Ads,SEOUL,71376.8034,android
2022-07-02,Facebook Ads,LC_Guro-dong,54585.6607,ios
2022-07-02,Facebook Ads,LC_Guro-dong,54690.6749,android
2022-07-02,Facebook Ads,LC_Mok-dong,108751.179,ios
2022-07-02,Facebook Ads,LC_Sindorim-dong,54344.0147,android
2022-07-02,Facebook Ads,SEOUL,35031.3804,android
2022-07-02,Facebook Ads,SEOUL,35319.9391,ios
2022-07-02,Facebook Ads,SEOUL,35320.9646,ios
2022-07-03,Facebook Ads,LC_Guro-dong,54722.6715,android
2022-07-03,Facebook Ads,LC_Mok-dong,54712.4742,android
2022-07-03,Facebook Ads,LC_Sindorim-dong,54380.8796,android
2022-07-03,Facebook Ads,SEOUL,35049.1771,ios
2022-07-03,Facebook Ads,SEOUL,35155.5504,ios
2022-07-03,Facebook Ads,SEOUL,35256.8912,android
2022-07-04,Facebook Ads,LC_Sindorim-dong,54103.3217,ios
2022-07-04,Facebook Ads,LC_Sindorim-dong,54498.7133,android
2022-07-04,Facebook Ads,SEOUL,35016.2535,android
2022-07-04,Facebook Ads,SEOUL,35074.6772,ios
2022-07-04,Facebook Ads,SEOUL,35677.1477,ios
2022-07-04,Facebook Ads,SEOUL,141254.7036,android
2022-07-05,Facebook Ads,LC_Guro-dong,54036.0042,android
2022-07-05,Facebook Ads,LC_Guro-dong,108468.2728,ios
2022-07-05,Facebook Ads,LC_Guro-dong,108651.714,android
2022-07-05,Facebook Ads,LC_Guro-dong,108831.6398,ios
2022-07-05,Facebook Ads,LC_Guro-dong,109442.2164,android
2022-07-05,Facebook Ads,LC_Mok-dong,164038.898,ios
2022-07-05,Facebook Ads,LC_Sindorim-dong,54539.0095,ios
2022-07-05,Facebook Ads,LC_Sindorim-dong,109067.4434,android
2022-07-05,Facebook Ads,SEOUL,35256.8967,ios
2022-07-05,Facebook Ads,SEOUL,35360.4227,android
2022-07-05,Facebook Ads,SEOUL,35548.719,android
2022-07-05,Facebook Ads,SEOUL,71006.9761,ios
2022-07-05,Facebook Ads,SEOUL,71265.722,android
2022-07-05,Facebook Ads,SEOUL,178359.2714,android
2022-07-06,Facebook Ads,LC_Guro-dong,108575.0637,android
2022-07-06,Facebook Ads,LC_Mok-dong,108282.4291,ios
2022-07-06,Facebook Ads,LC_Mok-dong,108850.1854,android
2022-07-06,Facebook Ads,LC_Sindorim-dong,54107.2641,android
2022-07-06,Facebook Ads,LC_Sindorim-dong,54496.5605,ios
2022-07-06,Facebook Ads,SEOUL,35219.8863,android
2022-07-06,Facebook Ads,SEOUL,35237.0746,ios
2022-07-06,Facebook Ads,SEOUL,35272.2334,android
2022-07-06,Facebook Ads,SEOUL,35339.842,android
2022-07-06,Facebook Ads,SEOUL,35612.7824,android
2022-07-07,Facebook Ads,LC_Guro-dong,108599.6341,android
2022-07-07,Facebook Ads,LC_Mok-dong,216887.8872,android
2022-07-07,Facebook Ads,LC_Mullae-dong,54434.82,android
2022-07-07,Facebook Ads,LC_Sindorim-dong,54698.9165,android
2022-07-07,Facebook Ads,LC_Sillim-dong,54570.497,ios
2022-07-07,Facebook Ads,SEOUL,35169.2839,android
2022-07-07,Facebook Ads,SEOUL,35401.1838,android
2022-07-07,Facebook Ads,SEOUL,35682.808,ios
2022-07-07,Facebook Ads,SEOUL,71000.7616,android
2022-07-07,Facebook Ads,SEOUL,71213.5122,android
2022-07-07,Facebook Ads,SEOUL,71273.2842,android
2022-07-08,Facebook Ads,LC_Guro-dong,54065.9296,android
2022-07-08,Facebook Ads,LC_Guro-dong,54293.1428,ios
2022-07-08,Facebook Ads,LC_Guro-dong,54367.9527,android
2022-07-08,Facebook Ads,LC_Mok-dong,54198.7322,android
2022-07-08,Facebook Ads,LC_Mok-dong,109140.2898,ios
2022-07-08,Facebook Ads,SEOUL,35106.6021,android
2022-07-08,Facebook Ads,SEOUL,35354.5955,ios
2022-07-08,Facebook Ads,SEOUL,106124.36,android
2022-07-09,Facebook Ads,LC_Guro-dong,54707.2656,ios
2022-07-09,Facebook Ads,LC_Mok-dong,54052.8553,android
2022-07-09,Facebook Ads,LC_Mok-dong,109185.5766,ios
2022-07-09,Facebook Ads,LC_Sindorim-dong,54068.8193,android
2022-07-09,Facebook Ads,SEOUL,71265.452,ios
2022-07-10,Facebook Ads,LC_Guro-dong,54267.7733,android
2022-07-10,Facebook Ads,LC_Guro-dong,54478.8171,android
2022-07-10,Facebook Ads,LC_Mok-dong,109143.1561,android
2022-07-10,Facebook Ads,SEOUL,35148.2064,android
2022-07-10,Facebook Ads,SEOUL,35210.2888,ios
2022-07-10,Facebook Ads,SEOUL,35318.0413,android
2022-07-10,Facebook Ads,SEOUL,35490.3783,ios
2022-07-10,Facebook Ads,SEOUL,35547.306,ios
2022-07-11,Facebook Ads,LC_Guro-dong,54072.9997,android
2022-07-11,Facebook Ads,LC_Guro-dong,54356.4,ios
2022-07-11,Facebook Ads,LC_Mok-dong,108670.1084,android
2022-07-11,Facebook Ads,LC_Sindorim-dong,54546.8473,android
2022-07-11,Facebook Ads,LC_Sindorim-dong,54745.478,ios
2022-07-11,Facebook Ads,SEOUL,35124.2402,android
2022-07-11,Facebook Ads,SEOUL,35264.8659,ios
2022-07-11,Facebook Ads,SEOUL,35325.7441,android
2022-07-11,Facebook Ads,SEOUL,70696.3359,android
2022-07-11,Facebook Ads,SEOUL,71059.4311,android
2022-07-12,Facebook Ads,LC_Guro-dong,54087.6999,android
2022-07-12,Facebook Ads,LC_Guro-dong,54133.6791,ios
2022-07-12,Facebook Ads,LC_Guro-dong,54283.3531,android
2022-07-12,Facebook Ads,LC_Guro-dong,54311.3101,android
2022-07-12,Facebook Ads,LC_Mullae-dong,54712.2712,ios
2022-07-12,Facebook Ads,LC_Sindorim-dong,54381.9487,android
2022-07-12,Facebook Ads,LC_Sindorim-dong,108578.0421,ios
2022-07-12,Facebook Ads,SEOUL,35538.3644,android
2022-07-13,Facebook Ads,LC_Guro-dong,54055.9937,ios
2022-07-13,Facebook Ads,LC_Guro-dong,54126.2603,android
2022-07-13,Facebook Ads,LC_Guro-dong,109238.4862,ios
2022-07-13,Facebook Ads,LC_Mok-dong,54770.3059,ios
2022-07-13,Facebook Ads,LC_Mok-dong,109230.9797,android
2022-07-13,Facebook Ads,LC_Mullae-dong,54594.4349,android
2022-07-13,Facebook Ads,LC_Sindorim-dong,54480.4697,ios
2022-07-13,Facebook Ads,SEOUL,35178.8154,ios
2022-07-13,Facebook Ads,SEOUL,35633.7495,ios
2022-07-13,Facebook Ads,SEOUL,105817.3878,android
2022-07-13,Facebook Ads,SEOUL,106298.0565,ios
2022-07-14,Facebook Ads,LC_Guro-dong,54300.0446,android
2022-07-14,Facebook Ads,LC_Sindorim-dong,108627.0601,android
2022-07-14,Facebook Ads,SEOUL,35544.9994,ios
2022-07-14,Facebook Ads,SEOUL,70416.6818,android
2022-07-15,Facebook Ads,LC_Guro-dong,54125.1882,ios
2022-07-15,Facebook Ads,LC_Guro-dong,54509.3705,android
2022-07-15,Facebook Ads,LC_Mok-dong,164243.7836,android
2022-07-15,Facebook Ads,LC_Sindorim-dong,54015.6984,android
2022-07-15,Facebook Ads,SEOUL,35112.418,ios
2022-07-15,Facebook Ads,SEOUL,35249.1593,ios
2022-07-15,Facebook Ads,SEOUL,35482.4838,android
2022-07-16,Facebook Ads,LC_Guro-dong,162299.8297,android
2022-07-16,Facebook Ads,LC_Mok-dong,54056.3658,ios
2022-07-16,Facebook Ads,LC_Mok-dong,54495.2069,android
2022-07-16,Facebook Ads,SEOUL,35273.2967,ios
2022-07-16,Facebook Ads,SEOUL,106035.6815,android
2022-07-17,Facebook Ads,LC_Guro-dong,54724.7872,ios
2022-07-17,Facebook Ads,LC_Guro-dong,108364.9463,android
2022-07-17,Facebook Ads,LC_Mok-dong,54615.4994,ios
2022-07-17,Facebook Ads,LC_Mok-dong,162720.1758,android
2022-07-17,Facebook Ads,LC_Sindorim-dong,54631.1462,android
2022-07-17,Facebook Ads,SEOUL,35443.5725,android
2022-07-17,Facebook Ads,SEOUL,35470.286,ios
2022-07-17,Facebook Ads,SEOUL,70580.6485,android
2022-07-18,Facebook Ads,LC_Guro-dong,54001.5501,android
2022-07-18,Facebook Ads,LC_Guro-dong,54222.142,ios
2022-07-18,Facebook Ads,LC_Mok-dong,109559.7133,android
2022-07-18,Facebook Ads,SEOUL,35139.4463,android
2022-07-18,Facebook Ads,SEOUL,35466.6306,android
2022-07-18,Facebook Ads,SEOUL,35580.1765,ios
2022-07-19,Facebook Ads,LC_Guro-dong,54029.6526,ios
2022-07-19,Facebook Ads,LC_Guro-dong,54727.1708,ios
2022-07-19,Facebook Ads,LC_Guro-dong,108911.663,android
2022-07-19,Facebook Ads,LC_Guro-dong,109500.5927,android
2022-07-19,Facebook Ads,LC_Guro-dong,163390.6257,android
2022-07-19,Facebook Ads,LC_Mok-dong,54596.3258,ios
2022-07-19,Facebook Ads,LC_Mok-dong,163454.4143,android
2022-07-19,Facebook Ads,LC_Sindorim-dong,54118.7325,ios
2022-07-19,Facebook Ads,LC_Sindorim-dong,54715.199,android
2022-07-19,Facebook Ads,SEOUL,35429.7236,android
2022-07-19,Facebook Ads,SEOUL,35649.2864,ios
2022-07-20,Facebook Ads,LC_Guro-dong,54021.7959,ios
2022-07-20,Facebook Ads,LC_Guro-dong,54169.5325,android
2022-07-20,Facebook Ads,LC_Guro-dong,54400.5636,ios
2022-07-20,Facebook Ads,LC_Guro-dong,54597.9345,ios
2022-07-20,Facebook Ads,LC_Mok-dong,54504.2082,ios
2022-07-20,Facebook Ads,LC_Mok-dong,218418.7903,android
2022-07-20,Facebook Ads,LC_Sindorim-dong,108329.4109,android
2022-07-20,Facebook Ads,SEOUL,35163.5542,android
2022-07-20,Facebook Ads,SEOUL,35190.5973,android
2022-07-20,Facebook Ads,SEOUL,35316.8939,ios
2022-07-20,Facebook Ads,SEOUL,35393.7388,ios
2022-07-20,Facebook Ads,SEOUL,35418.7283,android
2022-07-20,Facebook Ads,SEOUL,70648.0179,android
2022-07-21,Facebook Ads,LC_Guro-dong,54134.0009,android
2022-07-21,Facebook Ads,LC_Guro-dong,54475.2723,ios
2022-07-21,Facebook Ads,LC_Guro-dong,54635.2776,android
2022-07-21,Facebook Ads,LC_Mok-dong,218318.415,android
2022-07-21,Facebook Ads,LC_Mullae-dong,54331.9174,android
2022-07-21,Facebook Ads,LC_Sindorim-dong,54193.8217,android
2022-07-21,Facebook Ads,SEOUL,71161.4864,android
2022-07-21,Facebook Ads,SEOUL,107054.3396,ios
2022-07-22,Facebook Ads,LC_Guro-dong,108214.2828,android
2022-07-22,Facebook Ads,LC_Mok-dong,271477.0501,android
2022-07-22,Facebook Ads,LC_Sindorim-dong,109204.0391,android
2022-07-22,Facebook Ads,SEOUL,35319.8331,android
2022-07-23,Facebook Ads,LC_Mok-dong,54005.7155,android
2022-07-23,Facebook Ads,SEOUL,70128.3171,ios
2022-07-23,Facebook Ads,SEOUL,71393.497,android
2022-07-24,Facebook Ads,LC_Guro-dong,54182.3148,android
2022-07-24,Facebook Ads,LC_Mok-dong,54620.7875,android
2022-07-24,Facebook Ads,LC_Sindorim-dong,54402.2258,android
2022-07-24,Facebook Ads,LC_Sindorim-dong,54446.6376,ios
2022-07-25,Facebook Ads,LC_Guro-dong,54427.2951,android
2022-07-25,Facebook Ads,LC_Mok-dong,54236.596,android
2022-07-25,Facebook Ads,LC_Mok-dong,54717.2547,ios
2022-07-25,Facebook Ads,SEOUL,35553.0277,ios
2022-07-26,Facebook Ads,LC_Guro-dong,54184.6864,android
2022-07-26,Facebook Ads,LC_Guro-dong,54420.4732,ios
2022-07-27,Facebook Ads,LC_Guro-dong,54517.9546,android
2022-07-27,Facebook Ads,LC_Guro-dong,54702.8712,android
2022-07-27,Facebook Ads,LC_Mok-dong,54338.9705,android
2022-07-27,Facebook Ads,SEOUL,35540.5961,android
2022-07-27,Facebook Ads,SEOUL,71005.9922,android
2022-07-28,Facebook Ads,LC_Guro-dong,54752.4168,android
2022-07-28,Facebook Ads,LC_Mok-dong,54623.8067,ios
2022-07-28,Facebook Ads,LC_Mok-dong,162363.4746,android
2022-07-28,Facebook Ads,LC_Mullae-dong,54361.7804,android
2022-07-28,Facebook Ads,LC_Sindorim-dong,54321.6028,android
2022-07-28,Facebook Ads,LC_Sindorim-dong,54350.0294,ios
2022-07-28,Facebook Ads,SEOUL,35375.2776,android
2022-07-28,Facebook Ads,SEOUL,106037.0432,android
2022-07-29,Facebook Ads,LC_Guro-dong,54296.505,android
2022-07-29,Facebook Ads,LC_Guro-dong,54699.435,ios
2022-07-29,Facebook Ads,LC_Guro-dong,108102.4557,android
2022-07-29,Facebook Ads,LC_Guro-dong,109255.6376,ios
2022-07-29,Facebook Ads,LC_Mok-dong,163877.8298,ios
2022-07-29,Facebook Ads,LC_Mullae-dong,108974.2965,android
2022-07-29,Facebook Ads,LC_Sindorim-dong,109026.0291,android
2022-07-29,Facebook Ads,LC_Sindorim-dong,109385.6876,ios
2022-07-29,Facebook Ads,SEOUL,35354.3655,ios
2022-07-29,Facebook Ads,SEOUL,35470.0552,android
2022-07-29,Facebook Ads,SEOUL,35470.4342,android
2022-07-29,Facebook Ads,SEOUL,35603.4889,ios
2022-07-29,Facebook Ads,SEOUL,70176.3533,ios
2022-07-29,Facebook Ads,SEOUL,106872.1238,android
2022-07-30,Facebook Ads,LC_Guro-dong,54475.2718,android
2022-07-30,Facebook Ads,LC_Mok-dong,164203.4508,android
2022-07-30,Facebook Ads,LC_Sindorim-dong,54367.3384,ios
2022-07-30,Facebook Ads,SEOUL,35001.3953,android
2022-07-30,Facebook Ads,SEOUL,35492.4921,ios
2022-07-30,Facebook Ads,SEOUL,70234.89,android
2022-07-30,Facebook Ads,SEOUL,107057.2066,android
2022-07-31,Facebook Ads,LC_Mok-dong,54430.9409,ios
2022-07-31,Facebook Ads,LC_Mok-dong,108786.7432,android
2022-07-31,Facebook Ads,LC_Sindorim-dong,54567.1654,ios
2022-08-01,Facebook Ads,LC_Guro-dong,54323.001,android
2022-08-01,Facebook Ads,LC_Mok-dong,216938.4181,android
2022-08-01,Facebook Ads,LC_Sindorim-dong,54243.0011,android
2022-08-01,Facebook Ads,SEOUL,35313.6824,android
2022-08-01,Facebook Ads,SEOUL,35451.4274,android
2022-08-02,Facebook Ads,LC_Guro-dong,108768.318,android
2022-08-02,Facebook Ads,LC_Mok-dong,54698.9645,ios
2022-08-02,Facebook Ads,LC_Mullae-dong,54361.3655,android
2022-08-02,Facebook Ads,LC_Sindorim-dong,109226.9799,ios
2022-08-02,Facebook Ads,LC_Sindorim-dong,163912.9057,android
2022-08-02,Facebook Ads,SEOUL,35212.1524,android
2022-08-02,Facebook Ads,SEOUL,35278.3322,ios
2022-08-02,Facebook Ads,SEOUL,70404.1263,android
2022-08-03,Facebook Ads,LC_Guro-dong,54303.7677,ios
2022-08-03,Facebook Ads,LC_Guro-dong,54348.8624,ios
2022-08-03,Facebook Ads,LC_Guro-dong,54701.2605,android
2022-08-03,Facebook Ads,LC_Mullae-dong,54736.288,android
2022-08-03,Facebook Ads,SEOUL,35269.6949,android
2022-08-03,Facebook Ads,SEOUL,35338.9284,ios
2022-08-04,Facebook Ads,LC_Guro-dong,108498.1442,ios
2022-08-04,Facebook Ads,LC_Guro-dong,108963.3523,android
2022-08-04,Facebook Ads,LC_Mok-dong,54038.1408,android
2022-08-04,Facebook Ads,LC_Mok-dong,54670.9607,ios
2022-08-04,Facebook Ads,LC_Sindorim-dong,54135.0816,android
2022-08-04,Facebook Ads,SEOUL,35151.9096,ios
2022-08-04,Facebook Ads,SEOUL,35534.4277,ios
2022-08-04,Facebook Ads,SEOUL,35554.5709,android
2022-08-04,Facebook Ads,SEOUL,35583.9658,android
2022-08-04,Facebook Ads,SEOUL,35585.2103,android
2022-08-04,Facebook Ads,SEOUL,142694.9737,android
2022-08-05,Facebook Ads,LC_Guro-dong,54473.4324,android
2022-08-05,Facebook Ads,LC_Guro-dong,108688.6379,android
2022-08-05,Facebook Ads,LC_Mok-dong,54308.6292,android
2022-08-05,Facebook Ads,LC_Mullae-dong,54644.6796,android
2022-08-05,Facebook Ads,SEOUL,35628.4356,android
2022-08-06,Facebook Ads,LC_Mok-dong,54630.6913,android
2022-08-06,Facebook Ads,LC_Mullae-dong,54248.1912,ios
2022-08-06,Facebook Ads,SEOUL,35346.1509,android
2022-08-06,Facebook Ads,SEOUL,70756.0199,android
2022-08-07,Facebook Ads,LC_Guro-dong,54468.0517,android
2022-08-07,Facebook Ads,LC_Guro-dong,54513.0222,android
2022-08-07,Facebook Ads,LC_Mok-dong,54484.4521,android
2022-08-08,Facebook Ads,LC_Mullae-dong,54623.7435,android
2022-08-08,Facebook Ads,SEOUL,35099.2256,ios
2022-08-08,Facebook Ads,SEOUL,35257.1761,ios
2022-08-08,Facebook Ads,SEOUL,35512.8216,android
2022-08-09,Facebook Ads,LC_Guro-dong,54328.1262,ios
2022-08-09,Facebook Ads,LC_Guro-dong,54696.9815,ios
2022-08-09,Facebook Ads,LC_Guro-dong,54718.9618,android
2022-08-09,Facebook Ads,LC_Mok-dong,163600.996,android
2022-08-09,Facebook Ads,LC_Mullae-dong,54145.0993,android
2022-08-09,Facebook Ads,SEOUL,35420.2602,android
2022-08-09,Facebook Ads,SEOUL,35556.6185,android
2022-08-09,Facebook Ads,SEOUL,70729.1513,ios
2022-08-09,Facebook Ads,SEOUL,71013.2746,android
2022-08-10,Facebook Ads,LC_Mok-dong,162327.8518,android
2022-08-10,Facebook Ads,LC_Mullae-dong,54395.2168,android
2022-08-10,Facebook Ads,LC_Sindorim-dong,54666.6363,android
2022-08-10,Facebook Ads,SEOUL,71394.4471,android
2022-08-11,Facebook Ads,LC_Mok-dong,54242.9097,ios
2022-08-11,Facebook Ads,LC_Sindorim-dong,54588.2368,android
2022-08-11,Facebook Ads,SEOUL,35667.8745,android
2022-08-12,Facebook Ads,LC_Guro-dong,54288.8574,android
2022-08-12,Facebook Ads,LC_Guro-dong,54478.1986,android
2022-08-12,Facebook Ads,LC_Mok-dong,54749.7678,ios
2022-08-12,Facebook Ads,LC_Mok-dong,218210.9602,android
2022-08-12,Facebook Ads,LC_Mullae-dong,54043.3854,android
2022-08-12,Facebook Ads,SEOUL,35602.5004,ios
2022-08-12,Facebook Ads,SEOUL,35633.3961,android
2022-08-12,Facebook Ads,SEOUL,70487.8946,android
2022-08-13,Facebook Ads,LC_Guro-dong,54495.3538,ios
2022-08-13,Facebook Ads,LC_Sindorim-dong,54783.9378,android
2022-08-14,Facebook Ads,LC_Guro-dong,108395.5325,android
2022-08-14,Facebook Ads,LC_Mok-dong,109482.6858,android
2022-08-14,Facebook Ads,SEOUL,35603.8038,ios
2022-08-15,Facebook Ads,LC_Guro-dong,108975.8702,android
2022-08-15,Facebook Ads,SEOUL,35657.5322,ios
2022-08-16,Facebook Ads,LC_Guro-dong,54530.3866,ios
2022-08-16,Facebook Ads,SEOUL,35279.2797,android
2022-08-16,Facebook Ads,SEOUL,35680.1404,ios
2022-08-17,Facebook Ads,LC_Guro-dong,54449.0454,android
2022-08-17,Facebook Ads,LC_Mullae-dong,54382.4188,android
2022-08-17,Facebook Ads,LC_Sindorim-dong,54013.2891,android
2022-08-18,Facebook Ads,LC_Guro-dong,54463.7791,ios
2022-08-18,Facebook Ads,SEOUL,35044.3244,ios
2022-08-18,Facebook Ads,SEOUL,35575.1001,ios
2022-08-18,Facebook Ads,SEOUL,70632.9185,android
2022-08-19,Facebook Ads,LC_Guro-dong,54151.7036,android
2022-08-19,Facebook Ads,LC_Mok-dong,54482.9817,ios
2022-08-19,Facebook Ads,LC_Sindorim-dong,54081.1011,android
2022-08-19,Facebook Ads,SEOUL,35189.774,android
2022-08-20,Facebook Ads,LC_Mok-dong,54293.6302,ios
2022-08-20,Facebook Ads,LC_Sindorim-dong,54398.3391,ios
2022-08-20,Facebook Ads,SEOUL,35585.1407,ios
2022-08-20,Facebook Ads,SEOUL,35648.078,android
2022-08-21,Facebook Ads,LC_Mok-dong,54684.9332,android
2022-08-22,Facebook Ads,LC_Mok-dong,54489.9028,android
2022-08-22,Facebook Ads,SEOUL,35303.6093,ios
2022-08-22,Facebook Ads,SEOUL,35388.5338,ios
2022-08-23,Facebook Ads,LC_Guro-dong,54634.7627,android
2022-08-23,Facebook Ads,LC_Mok-dong,54659.9907,ios
2022-08-23,Facebook Ads,SEOUL,35198.3655,ios
2022-08-23,Facebook Ads,SEOUL,35289.4008,ios
2022-08-24,Facebook Ads,SEOUL,35354.9736,ios
2022-08-24,Facebook Ads,SEOUL,35493.2139,ios
2022-08-25,Facebook Ads,LC_Guro-dong,54219.0478,ios
2022-08-25,Facebook Ads,LC_Mok-dong,54690.7979,android
2022-08-25,Facebook Ads,LC_Mok-dong,109534.6096,ios
2022-08-25,Facebook Ads,LC_Sindorim-dong,54385.5471,android
2022-08-25,Facebook Ads,SEOUL,35431.3697,android
2022-08-25,Facebook Ads,SEOUL,71067.4147,android
2022-08-26,Facebook Ads,LC_Guro-dong,54165.7562,ios
2022-08-26,Facebook Ads,LC_Mok-dong,108029.1226,ios
2022-08-26,Facebook Ads,LC_Mok-dong,109251.3121,android
2022-08-26,Facebook Ads,LC_Mullae-dong,54004.2436,android
2022-08-26,Facebook Ads,LC_Sindorim-dong,54184.6887,android
2022-08-26,Facebook Ads,SEOUL,35389.1947,ios
2022-08-26,Facebook Ads,SEOUL,35420.828,android
2022-08-26,Facebook Ads,SEOUL,35627.1783,android
2022-08-26,Facebook Ads,SEOUL,70280.4792,android
2022-08-26,Facebook Ads,SEOUL,70741.3282,ios
2022-08-27,Facebook Ads,LC_Guro-dong,54199.6304,android
2022-08-27,Facebook Ads,LC_Guro-dong,108928.6195,android
2022-08-27,Facebook Ads,LC_Mok-dong,54077.8544,ios
2022-08-27,Facebook Ads,LC_Mok-dong,162349.7934,android
2022-08-27,Facebook Ads,LC_Mullae-dong,54170.2529,android
2022-08-27,Facebook Ads,SEOUL,70663.8314,ios
2022-08-28,Facebook Ads,LC_Guro-dong,54795.2027,ios
2022-08-28,Facebook Ads,LC_Mok-dong,54309.2009,ios
2022-08-28,Facebook Ads,SEOUL,35629.1605,android
2022-08-29,Facebook Ads,LC_Guro-dong,108097.7998,android
2022-08-29,Facebook Ads,LC_Mok-dong,164345.1554,ios
2022-08-29,Facebook Ads,SEOUL,35025.8913,android
2022-08-29,Facebook Ads,SEOUL,35391.6562,ios
2022-08-29,Facebook Ads,SEOUL,71089.3905,android
2022-08-29,Facebook Ads,SEOUL,71392.9102,ios
2022-08-30,Facebook Ads,LC_Mok-dong,54400.3949,android
2022-08-30,Facebook Ads,LC_Mok-dong,163445.4302,ios
2022-08-30,Facebook Ads,LC_Sindorim-dong,54610.5173,android
2022-08-30,Facebook Ads,SEOUL,35198.896,ios
2022-08-30,Facebook Ads,SEOUL,35441.1557,android
2022-08-30,Facebook Ads,SEOUL,35537.2032,ios
2022-08-30,Facebook Ads,SEOUL,35690.662,ios
2022-08-30,Facebook Ads,SEOUL,70819.6392,ios
2022-08-30,Facebook Ads,SEOUL,70921.6307,android
2022-08-31,Facebook Ads,LC_Guro-dong,54214.6094,ios
2022-08-31,Facebook Ads,LC_Guro-dong,54461.3296,android
2022-08-31,Facebook Ads,LC_Guro-dong,54547.6158,ios
2022-08-31,Facebook Ads,LC_Guro-dong,54611.8833,android
2022-08-31,Facebook Ads,LC_Mok-dong,108187.3341,android
2022-08-31,Facebook Ads,LC_Mullae-dong,54445.1734,android
2022-08-31,Facebook Ads,LC_Sindorim-dong,54117.9247,android
2022-08-31,Facebook Ads,LC_Sillim-dong,54360.5662,android
2022-08-31,Facebook Ads,SEOUL,35161.9456,android
2022-08-31,Facebook Ads,SEOUL,35184.1264,ios
2022-08-31,Facebook Ads,SEOUL,70198.8813,android
2022-08-31,Facebook Ads,SEOUL,70986.5557,android
2022-08-31,Facebook Ads,SEOUL,105940.8416,android
2022-09-01,Facebook Ads,LC_Guro-dong,54417.0113,android
2022-09-01,Facebook Ads,LC_Guro-dong,54499.8701,ios
2022-09-01,Facebook Ads,LC_Mok-dong,54381.3196,ios
2022-09-01,Facebook Ads,LC_Mok-dong,54763.1214,android
2022-09-01,Facebook Ads,LC_Sindorim-dong,54349.5137,android
2022-09-01,Facebook Ads,LC_Sindorim-dong,54580.2608,ios
2022-09-01,Facebook Ads,SEOUL,35192.6148,ios
2022-09-01,Facebook Ads,SEOUL,35306.5141,ios
2022-09-01,Facebook Ads,SEOUL,35523.2491,ios
2022-09-01,Facebook Ads,SEOUL,106534.795,android
2022-09-02,Facebook Ads,LC_Mok-dong,54089.1864,ios
2022-09-02,Facebook Ads,LC_Mok-dong,270374.1714,android
2022-09-02,Facebook Ads,SEOUL,35055.487,android
2022-09-02,Facebook Ads,SEOUL,35183.2163,android
2022-09-02,Facebook Ads,SEOUL,35222.9662,android
2022-09-02,Facebook Ads,SEOUL,71269.4919,ios
2022-09-02,Facebook Ads,SEOUL,106907.0273,android
2022-09-03,Facebook Ads,LC_Guro-dong,54631.8707,ios
2022-09-03,Facebook Ads,LC_Guro-dong,108740.8101,android
2022-09-03,Facebook Ads,LC_Mok-dong,54787.2516,android
2022-09-03,Facebook Ads,LC_Sindorim-dong,54007.189,android
2022-09-03,Facebook Ads,SEOUL,35323.2025,android
2022-09-03,Facebook Ads,SEOUL,105720.7738,android
2022-09-04,Facebook Ads,LC_Guro-dong,54418.0944,android
2022-09-04,Facebook Ads,LC_Mok-dong,163680.1514,android
2022-09-04,Facebook Ads,LC_Mullae-dong,54296.7851,ios
2022-09-04,Facebook Ads,SEOUL,35377.1973,android
2022-09-04,Facebook Ads,SEOUL,70793.7318,android
2022-09-04,Facebook Ads,SEOUL,107044.5606,ios
2022-09-05,Facebook Ads,LC_Guro-dong,54107.5485,ios
2022-09-05,Facebook Ads,LC_Guro-dong,54626.0951,android
2022-09-05,Facebook Ads,LC_Guro-dong,108279.8166,android
2022-09-05,Facebook Ads,LC_Mok-dong,54098.0319,android
2022-09-05,Facebook Ads,SEOUL,35203.3352,ios
2022-09-05,Facebook Ads,SEOUL,35431.3429,ios
2022-09-05,Facebook Ads,SEOUL,35444.0903,android
2022-09-05,Facebook Ads,SEOUL,178482.5558,android
2022-09-06,Facebook Ads,LC_Mok-dong,54001.8419,android
2022-09-06,Facebook Ads,LC_Mok-dong,54308.4592,ios
2022-09-06,Facebook Ads,LC_Sindorim-dong,54254.7405,android
2022-09-06,Facebook Ads,SEOUL,35236.0296,android
2022-09-06,Facebook Ads,SEOUL,70400.7587,android
2022-09-07,Facebook Ads,LC_Mok-dong,54198.0182,android
2022-09-07,Facebook Ads,SEOUL,35334.2707,ios
2022-09-07,Facebook Ads,SEOUL,35401.8367,android
2022-09-07,Facebook Ads,SEOUL,71172.8011,ios
2022-09-08,Facebook Ads,LC_Guro-dong,54693.674,android
2022-09-08,Facebook Ads,LC_Mok-dong,109260.324,android
2022-09-09,Facebook Ads,LC_Guro-dong,54681.1552,ios
2022-09-09,Facebook Ads,LC_Sindorim-dong,54797.9211,ios
2022-09-10,Facebook Ads,LC_Guro-dong,54565.6555,android
2022-09-10,Facebook Ads,SEOUL,35463.027,ios
2022-09-11,Facebook Ads,LC_Mok-dong,54377.366,ios
2022-09-11,Facebook Ads,LC_Mok-dong,108992.0276,android
2022-09-12,Facebook Ads,LC_Guro-dong,54337.1381,ios
2022-09-12,Facebook Ads,LC_Guro-dong,54571.7907,android
2022-09-12,Facebook Ads,LC_Guro-dong,54697.3128,android
2022-09-13,Facebook Ads,LC_Guro-dong,54728.7573,android
2022-09-13,Facebook Ads,LC_Mok-dong,54410.2564,ios
2022-09-13,Facebook Ads,LC_Sindorim-dong,54370.5806,android
2022-09-13,Facebook Ads,SEOUL,35070.1643,ios
2022-09-14,Facebook Ads,LC_Mullae-dong,54539.7587,android
2022-09-14,Facebook Ads,LC_Sindorim-dong,54310.6841,ios
2022-09-14,Facebook Ads,SEOUL,35114.0785,ios
2022-09-14,Facebook Ads,SEOUL,35648.6178,android
2022-09-15,Facebook Ads,LC_Mok-dong,162034.5347,android
2022-09-15,Facebook Ads,SEOUL,35511.4753,ios
2022-09-15,Facebook Ads,SEOUL,35691.1897,android
2022-09-16,Facebook Ads,LC_Guro-dong,54513.3458,android
2022-09-16,Facebook Ads,LC_Mok-dong,54605.6089,android
2022-09-16,Facebook Ads,SEOUL,35446.1059,android
2022-09-17,Facebook Ads,SEOUL,35007.5216,ios
2022-09-17,Facebook Ads,SEOUL,35380.4208,ios
2022-09-18,Facebook Ads,LC_Mok-dong,54433.4752,android
2022-09-18,Facebook Ads,SEOUL,35411.2895,android
2022-09-19,Facebook Ads,LC_Mok-dong,54337.1524,ios
2022-09-20,Facebook Ads,LC_Guro-dong,54053.0726,ios
2022-09-20,Facebook Ads,LC_Guro-dong,54430.0903,android
2022-09-20,Facebook Ads,LC_Sindorim-dong,54151.661,android
2022-09-20,Facebook Ads,SEOUL,35089.8482,android
2022-09-21,Facebook Ads,LC_Guro-dong,54236.3125,ios
2022-09-21,Facebook Ads,LC_Guro-dong,54613.3179,android
2022-09-21,Facebook Ads,LC_Mok-dong,109207.7939,android
2022-09-21,Facebook Ads,SEOUL,35437.7309,ios
2022-09-22,Facebook Ads,LC_Guro-dong,54193.699,android
2022-09-22,Facebook Ads,LC_Guro-dong,54610.071,android
2022-09-22,Facebook Ads,LC_Mok-dong,54752.0274,android
2022-09-22,Facebook Ads,LC_Sindorim-dong,54454.4746,android
2022-09-22,Facebook Ads,SEOUL,35300.1564,ios
2022-09-22,Facebook Ads,SEOUL,35569.9209,ios
2022-09-22,Facebook Ads,SEOUL,71232.6017,android
2022-09-23,Facebook Ads,LC_Guro-dong,54333.7879,android
2022-09-23,Facebook Ads,LC_Mok-dong,162179.0315,android
2022-09-23,Facebook Ads,LC_Sindorim-dong,54550.9588,android
2022-09-23,Facebook Ads,SEOUL,35583.1705,android
2022-09-24,Facebook Ads,LC_Guro-dong,54124.874,android
2022-09-24,Facebook Ads,LC_Guro-dong,54462.8224,android
2022-09-24,Facebook Ads,LC_Guro-dong,54502.7195,ios
2022-09-24,Facebook Ads,LC_Mok-dong,109504.4359,android
2022-09-24,Facebook Ads,LC_Mullae-dong,54062.0166,android
2022-09-24,Facebook Ads,SEOUL,35245.9296,android
2022-09-24,Facebook Ads,SEOUL,35275.5132,android
2022-09-24,Facebook Ads,SEOUL,35461.7425,android
2022-09-24,Facebook Ads,SEOUL,35610.2275,android
2022-09-25,Facebook Ads,LC_Guro-dong,54456.7824,android
2022-09-25,Facebook Ads,LC_Mok-dong,108120.1124,android
2022-09-25,Facebook Ads,LC_Mullae-dong,54254.6808,android
2022-09-25,Facebook Ads,SEOUL,70201.3628,android
2022-09-25,Facebook Ads,SEOUL,70831.1104,android
2022-09-26,Facebook Ads,LC_Mok-dong,54018.418,android
2022-09-26,Facebook Ads,LC_Sindorim-dong,54139.5638,android
2022-09-26,Facebook Ads,SEOUL,35415.9572,ios
2022-09-27,Facebook Ads,SEOUL,70523.1309,android
2022-09-28,Facebook Ads,LC_Guro-dong,54196.422,ios
2022-09-28,Facebook Ads,LC_Mullae-dong,54127.7373,android
2022-09-28,Facebook Ads,SEOUL,35059.9099,android
2022-09-29,Facebook Ads,LC_Guro-dong,108400.0277,android
2022-09-29,Facebook Ads,LC_Mok-dong,109119.4079,android
2022-09-29,Facebook Ads,LC_Mok-dong,109492.4757,ios
2022-09-29,Facebook Ads,LC_Sindorim-dong,54113.0732,ios
2022-09-29,Facebook Ads,SEOUL,35087.0824,android
2022-09-29,Facebook Ads,SEOUL,176845.4564,android
2022-09-30,Facebook Ads,LC_Mok-dong,54111.2953,ios
2022-09-30,Facebook Ads,LC_Mok-dong,54128.6786,android
2022-09-30,Facebook Ads,SEOUL,35303.0739,ios
2022-09-30,Facebook Ads,SEOUL,35369.6567,ios
2022-09-30,Facebook Ads,SEOUL,35485.4652,android
2022-09-30,Facebook Ads,SEOUL,35676.3645,android
2022-09-30,Facebook Ads,SEOUL,140887.0338,android
2022-10-01,Facebook Ads,LC_Mok-dong,109471.2853,android
2022-10-01,Facebook Ads,SEOUL,35238.1206,android
2022-10-01,Facebook Ads,SEOUL,35544.1233,ios
2022-10-01,Facebook Ads,SEOUL,35646.2724,android
2022-10-01,Facebook Ads,SEOUL,70159.5829,android
2022-10-02,Facebook Ads,LC_Guro-dong,54336.2436,android
2022-10-02,Facebook Ads,LC_Guro-dong,108985.4448,android
2022-10-02,Facebook Ads,LC_Mok-dong,54628.3807,ios
2022-10-02,Facebook Ads,SEOUL,35043.7451,android
2022-10-02,Facebook Ads,SEOUL,70013.2476,android
2022-10-02,Facebook Ads,SEOUL,105499.0477,android
2022-10-03,Facebook Ads,LC_Guro-dong,54197.9781,android
2022-10-03,Facebook Ads,LC_Guro-dong,54516.9481,ios
2022-10-03,Facebook Ads,LC_Guro-dong,54529.1571,android
2022-10-03,Facebook Ads,LC_Mok-dong,54057.3297,android
2022-10-03,Facebook Ads,LC_Mullae-dong,54059.2014,android
2022-10-03,Facebook Ads,SEOUL,178213.3991,android
2022-10-04,Facebook Ads,LC_Guro-dong,54130.7796,android
2022-10-04,Facebook Ads,LC_Dangsan-dong,54289.1119,android
2022-10-04,Facebook Ads,LC_Mok-dong,54683.7823,android
2022-10-04,Facebook Ads,SEOUL,142111.5436,android
2022-10-05,Facebook Ads,LC_Guro-dong,54771.644,android
2022-10-05,Facebook Ads,LC_Mok-dong,54355.9474,android
2022-10-05,Facebook Ads,SEOUL,35012.029,android
2022-10-05,Facebook Ads,SEOUL,35576.9372,android
2022-10-05,Facebook Ads,SEOUL,70575.1908,android
2022-10-06,Facebook Ads,LC_Mok-dong,54704.1021,android
2022-10-06,Facebook Ads,SEOUL,35569.4377,android
2022-10-06,Facebook Ads,SEOUL,70700.629,android
2022-10-07,Facebook Ads,LC_Mullae-dong,54185.4248,ios
2022-10-07,Facebook Ads,LC_Sindorim-dong,54159.5177,android
2022-10-07,Facebook Ads,SEOUL,35267.0952,android
2022-10-07,Facebook Ads,SEOUL,35415.3063,ios
2022-10-07,Facebook Ads,SEOUL,35505.8064,android
2022-10-07,Facebook Ads,SEOUL,35525.1363,android
2022-10-08,Facebook Ads,LC_Guro-dong,54445.3138,android
2022-10-08,Facebook Ads,LC_Mok-dong,270964.0675,android
2022-10-08,Facebook Ads,SEOUL,106066.4726,android
2022-10-09,Facebook Ads,LC_Guro-dong,54275.0285,android
2022-10-09,Facebook Ads,LC_Guro-dong,54496.4202,android
2022-10-09,Facebook Ads,LC_Mok-dong,108290.8078,android
2022-10-09,Facebook Ads,SEOUL,35146.6497,ios
2022-10-09,Facebook Ads,SEOUL,35530.7673,android
2022-10-10,Facebook Ads,SEOUL,35130.799,ios
2022-10-10,Facebook Ads,SEOUL,35387.3246,android
2022-10-10,Facebook Ads,SEOUL,71266.0058,android
2022-10-11,Facebook Ads,LC_Mok-dong,54050.9559,android
2022-10-11,Facebook Ads,LC_Mok-dong,108956.2586,ios
2022-10-11,Facebook Ads,LC_Mullae-dong,54727.6147,android
2022-10-11,Facebook Ads,SEOUL,70456.9745,android
2022-10-12,Facebook Ads,LC_Sindorim-dong,54432.7218,android
2022-10-12,Facebook Ads,SEOUL,35013.5754,ios
2022-10-12,Facebook Ads,SEOUL,35017.1071,android
2022-10-12,Facebook Ads,SEOUL,35448.0036,android
2022-10-12,Facebook Ads,SEOUL,177153.7865,android
2022-10-13,Facebook Ads,LC_Guro-dong,54240.6296,android
2022-10-13,Facebook Ads,LC_Guro-dong,54274.3796,ios
2022-10-13,Facebook Ads,LC_Guro-dong,54394.2537,android
2022-10-13,Facebook Ads,LC_Mok-dong,54013.4532,android
2022-10-13,Facebook Ads,LC_Mok-dong,54377.0913,ios
2022-10-13,Facebook Ads,LC_Mullae-dong,54556.4718,android
2022-10-13,Facebook Ads,SEOUL,35180.0346,android
2022-10-13,Facebook Ads,SEOUL,35601.5872,android
2022-10-14,Facebook Ads,LC_Guro-dong,54516.4079,android
2022-10-14,Facebook Ads,LC_Mok-dong,54476.8567,ios
2022-10-14,Facebook Ads,LC_Mok-dong,54714.9944,android
2022-10-14,Facebook Ads,LC_Sindorim-dong,54772.1195,android
2022-10-14,Facebook Ads,SEOUL,35135.7412,android
2022-10-14,Facebook Ads,SEOUL,105407.5705,android
2022-10-15,Facebook Ads,LC_Mok-dong,54330.6926,android
2022-10-15,Facebook Ads,LC_Mullae-dong,54047.8212,android
2022-10-15,Facebook Ads,LC_Sindorim-dong,54251.6807,android
2022-10-15,Facebook Ads,SEOUL,70096.0898,android
2022-10-15,Facebook Ads,SEOUL,142755.4606,android
2022-10-16,Facebook Ads,LC_Mok-dong,109117.9937,android
2022-10-16,Facebook Ads,LC_Mullae-dong,54069.258,android
2022-10-16,Facebook Ads,SEOUL,106096.0455,android
2022-10-17,Facebook Ads,LC_Mok-dong,54567.8728,android
2022-10-17,Facebook Ads,SEOUL,35096.5127,android
2022-10-17,Facebook Ads,SEOUL,35395.821,android
2022-10-17,Facebook Ads,SEOUL,70358.4772,android
2022-10-17,Facebook Ads,SEOUL,106657.051,android
2022-10-18,Facebook Ads,LC_Dangsan-dong,54164.897,android
2022-10-18,Facebook Ads,LC_Mok-dong,54432.2161,ios
2022-10-18,Facebook Ads,LC_Mullae-dong,54113.2531,android
2022-10-18,Facebook Ads,SEOUL,35066.4034,ios
2022-10-18,Facebook Ads,SEOUL,35311.8693,android
2022-10-18,Facebook Ads,SEOUL,35357.3807,android
2022-10-19,Facebook Ads,LC_Mok-dong,54526.7309,ios
2022-10-19,Facebook Ads,LC_Mok-dong,216452.9177,android
2022-10-19,Facebook Ads,LC_Mullae-dong,54799.1961,android
2022-10-19,Facebook Ads,LC_Sindorim-dong,108441.0544,android
2022-10-19,Facebook Ads,SEOUL,35012.5861,ios
2022-10-19,Facebook Ads,SEOUL,35400.3342,android
2022-10-19,Facebook Ads,SEOUL,70479.8733,android
2022-10-19,Facebook Ads,SEOUL,71137.3524,android
2022-10-20,Facebook Ads,SEOUL,35171.7207,android
2022-10-20,Facebook Ads,SEOUL,35181.1505,android
2022-10-20,Facebook Ads,SEOUL,106695.3598,android
2022-10-21,Facebook Ads,LC_Guro-dong,54107.4678,ios
2022-10-21,Facebook Ads,LC_Guro-dong,54124.2386,ios
2022-10-21,Facebook Ads,LC_Mok-dong,109366.955,ios
2022-10-21,Facebook Ads,LC_Mok-dong,217473.9265,android
2022-10-21,Facebook Ads,LC_Mullae-dong,54494.4946,android
2022-10-21,Facebook Ads,LC_Sindorim-dong,54447.3305,ios
2022-10-21,Facebook Ads,LC_Sindorim-dong,108607.1556,android
2022-10-21,Facebook Ads,SEOUL,35564.3373,android
2022-10-21,Facebook Ads,SEOUL,35663.1612,android
2022-10-21,Facebook Ads,SEOUL,35683.3536,ios
2022-10-21,Facebook Ads,SEOUL,70321.9993,android
2022-10-21,Facebook Ads,SEOUL,71390.8433,android
2022-10-22,Facebook Ads,LC_Mok-dong,216195.3616,android
2022-10-22,Facebook Ads,LC_Mullae-dong,54051.7204,android
2022-10-22,Facebook Ads,LC_Sindorim-dong,54787.1257,android
2022-10-22,Facebook Ads,SEOUL,35015.9989,android
2022-10-22,Facebook Ads,SEOUL,177460.3021,android
2022-10-23,Facebook Ads,LC_Guro-dong,54499.2008,ios
2022-10-23,Facebook Ads,LC_Mok-dong,163640.4616,android
2022-10-23,Facebook Ads,LC_Mullae-dong,54215.2894,ios
2022-10-23,Facebook Ads,LC_Mullae-dong,54402.5164,android
2022-10-23,Facebook Ads,SEOUL,35505.4908,android
2022-10-23,Facebook Ads,SEOUL,35535.1494,android
2022-10-23,Facebook Ads,SEOUL,35651.0569,android
2022-10-24,Facebook Ads,LC_Guro-dong,54336.4178,android
2022-10-24,Facebook Ads,LC_Guro-dong,108960.7466,ios
2022-10-24,Facebook Ads,LC_Dangsan-dong,54453.7105,ios
2022-10-24,Facebook Ads,LC_Mok-dong,108440.3724,android
2022-10-24,Facebook Ads,LC_Sindorim-dong,54091.9247,android
2022-10-24,Facebook Ads,SEOUL,35058.6211,ios
2022-10-24,Facebook Ads,SEOUL,35538.5492,android
2022-10-24,Facebook Ads,SEOUL,140160.0169,android
2022-10-25,Facebook Ads,LC_Mok-dong,108033.6582,android
2022-10-25,Facebook Ads,LC_Mullae-dong,54022.2964,android
2022-10-25,Facebook Ads,SEOUL,70657.0065,android
2022-10-25,Facebook Ads,SEOUL,175029.0177,android
2022-10-26,Facebook Ads,LC_Mok-dong,54683.7041,android
2022-10-26,Facebook Ads,SEOUL,35297.2774,android
2022-10-26,Facebook Ads,SEOUL,105212.1121,android
2022-10-27,Facebook Ads,LC_Guro-dong,54236.1386,android
2022-10-27,Facebook Ads,LC_Mok-dong,108455.943,android
2022-10-27,Facebook Ads,LC_Mok-dong,109415.8696,ios
2022-10-27,Facebook Ads,SEOUL,35197.6621,android
2022-10-27,Facebook Ads,SEOUL,35681.9742,android
2022-10-28,Facebook Ads,LC_Mok-dong,108122.2441,android
2022-10-28,Facebook Ads,LC_Sindorim-dong,108186.661,android
2022-10-28,Facebook Ads,SEOUL,35016.001,android
2022-10-28,Facebook Ads,SEOUL,70014.3839,android
2022-10-29,Facebook Ads,SEOUL,35022.4939,android
2022-10-29,Facebook Ads,SEOUL,35058.1553,android
2022-10-29,Facebook Ads,SEOUL,35524.2004,android
2022-10-30,Facebook Ads,LC_Dangsan-dong,54618.5009,android
2022-10-30,Facebook Ads,LC_Mok-dong,54163.4633,android
2022-10-30,Facebook Ads,LC_Mok-dong,108383.0915,ios
2022-10-31,Facebook Ads,SEOUL,35074.5025,ios
2022-10-31,Facebook Ads,SEOUL,35180.7881,android
2022-10-31,Facebook Ads,SEOUL,35592.8861,ios
2022-11-01,Facebook Ads,LC_Guro-dong,54115.2738,android
2022-11-01,Facebook Ads,LC_Mullae-dong,54632.7608,android
2022-11-01,Facebook Ads,SEOUL,35626.0083,android
2022-11-02,Facebook Ads,LC_Guro-dong,54676.1982,ios
2022-11-02,Facebook Ads,LC_Guro-dong,54709.8883,android
2022-11-02,Facebook Ads,LC_Guro-dong,163067.6741,android
2022-11-02,Facebook Ads,LC_Mok-dong,54146.6681,ios
2022-11-02,Facebook Ads,LC_Sindorim-dong,54155.2273,android
2022-11-02,Facebook Ads,SEOUL,70047.1353,ios
2022-11-03,Facebook Ads,LC_Mok-dong,54495.9205,android
2022-11-03,Facebook Ads,SEOUL,35210.1879,ios
2022-11-04,Facebook Ads,LC_Mok-dong,108369.6641,android
2022-11-04,Facebook Ads,LC_Mullae-dong,54169.7333,android
2022-11-04,Facebook Ads,LC_Sillim-dong,54406.2659,android
2022-11-04,Facebook Ads,SEOUL,35427.5204,ios
2022-11-05,Facebook Ads,SEOUL,35323.0281,ios
2022-11-05,Facebook Ads,SEOUL,35343.8725,ios
2022-11-06,Facebook Ads,LC_Guro-dong,54168.2081,android
2022-11-06,Facebook Ads,LC_Guro-dong,54734.0292,ios
2022-11-06,Facebook Ads,LC_Mok-dong,54618.9781,android
2022-11-06,Facebook Ads,SEOUL,35089.2651,android
2022-11-07,Facebook Ads,LC_Guro-dong,109103.9617,android
2022-11-07,Facebook Ads,LC_Guro-dong,163458.9725,ios
2022-11-07,Facebook Ads,LC_Guro-dong,271697.1721,android
2022-11-07,Facebook Ads,LC_Guro-dong,272354.0504,ios
2022-11-07,Facebook Ads,LC_Guro-dong,657113.0532,ios
2022-11-07,Facebook Ads,LC_Guro-dong,1676682.475,android
2022-11-07,Facebook Ads,LC_Dangsan-dong,109430.0817,android
2022-11-07,Facebook Ads,LC_Dangsan-dong,326703.0086,android
2022-11-07,Facebook Ads,LC_Dangsan-dong,378484.4883,ios
2022-11-07,Facebook Ads,LC_Dangsan-dong,655242.3585,ios
2022-11-07,Facebook Ads,LC_Dangsan-dong,2230851.123,android
2022-11-07,Facebook Ads,LC_Dangsan-dong,2499843.698,android
2022-11-07,Facebook Ads,LC_Mok-dong,272684.6997,ios
2022-11-07,Facebook Ads,LC_Mok-dong,817367.4592,android
2022-11-07,Facebook Ads,LC_Sillim-dong,109155.5251,ios
2022-11-07,Facebook Ads,LC_Sillim-dong,487379.6601,ios
2022-11-07,Facebook Ads,LC_Sillim-dong,544655.4279,android
2022-11-07,Facebook Ads,LC_Sillim-dong,1786813.235,android
2022-11-07,Facebook Ads,LC_Yeouido-dong,216211.7125,android
2022-11-07,Facebook Ads,SEOUL,35199.4913,android
2022-11-07,Facebook Ads,SEOUL,35575.7328,ios
2022-11-07,Facebook Ads,SEOUL,35690.1114,ios
2022-11-07,Facebook Ads,SEOUL,71094.7674,android
2022-11-08,Facebook Ads,LC_Guro-dong,54158.9936,ios
2022-11-08,Facebook Ads,LC_Guro-dong,54518.0489,ios
2022-11-08,Facebook Ads,LC_Guro-dong,163511.8671,android
2022-11-08,Facebook Ads,LC_Guro-dong,271020.391,ios
2022-11-08,Facebook Ads,LC_Guro-dong,544744.879,android
2022-11-08,Facebook Ads,LC_Dangsan-dong,54491.3789,android
2022-11-08,Facebook Ads,LC_Dangsan-dong,54542.2989,ios
2022-11-08,Facebook Ads,LC_Dangsan-dong,109140.2529,ios
2022-11-08,Facebook Ads,LC_Dangsan-dong,327065.6443,ios
2022-11-08,Facebook Ads,LC_Dangsan-dong,546015.6449,android
2022-11-08,Facebook Ads,LC_Dangsan-dong,757549.4351,android
2022-11-08,Facebook Ads,LC_Mok-dong,216827.8509,ios
2022-11-08,Facebook Ads,LC_Mok-dong,328227.7534,android
2022-11-08,Facebook Ads,LC_Mullae-dong,54590.7114,ios
2022-11-08,Facebook Ads,LC_Sillim-dong,219055.6128,android
2022-11-08,Facebook Ads,LC_Sillim-dong,271404.5199,ios
2022-11-08,Facebook Ads,LC_Sillim-dong,871969.4927,android
2022-11-08,Facebook Ads,LC_Yeouido-dong,54458.3979,android
2022-11-08,Facebook Ads,SEOUL,35264.2418,android
2022-11-08,Facebook Ads,SEOUL,35369.9834,android
2022-11-08,Facebook Ads,SEOUL,35619.9331,android
2022-11-08,Facebook Ads,SEOUL,71174.9129,android
2022-11-09,Facebook Ads,LC_Guro-dong,54534.3473,android
2022-11-09,Facebook Ads,LC_Guro-dong,54717.4336,ios
2022-11-09,Facebook Ads,LC_Guro-dong,54759.7561,ios
2022-11-09,Facebook Ads,LC_Guro-dong,108548.141,ios
2022-11-09,Facebook Ads,LC_Guro-dong,162780.6916,android
2022-11-09,Facebook Ads,LC_Guro-dong,378988.163,android
2022-11-09,Facebook Ads,LC_Dangsan-dong,218461.8508,ios
2022-11-09,Facebook Ads,LC_Dangsan-dong,656105.3367,android
2022-11-09,Facebook Ads,LC_Dangsan-dong,706242.5357,android
2022-11-09,Facebook Ads,LC_Mok-dong,163184.7798,ios
2022-11-09,Facebook Ads,LC_Mok-dong,271179.4619,android
2022-11-09,Facebook Ads,LC_Mullae-dong,54110.438,ios
2022-11-09,Facebook Ads,LC_Sillim-dong,54593.3336,ios
2022-11-09,Facebook Ads,LC_Sillim-dong,54737.372,android
2022-11-09,Facebook Ads,LC_Sillim-dong,380723.1479,android
2022-11-09,Facebook Ads,SEOUL,35069.9591,android
2022-11-09,Facebook Ads,SEOUL,70295.7546,android
2022-11-10,Facebook Ads,LC_Guro-dong,54100.8394,ios
2022-11-10,Facebook Ads,LC_Guro-dong,54466.6655,android
2022-11-10,Facebook Ads,LC_Guro-dong,108625.4655,ios
2022-11-10,Facebook Ads,LC_Guro-dong,108690.4077,android
2022-11-10,Facebook Ads,LC_Guro-dong,162480.2261,ios
2022-11-10,Facebook Ads,LC_Guro-dong,273290.7331,android
2022-11-10,Facebook Ads,LC_Dangsan-dong,54203.9607,ios
2022-11-10,Facebook Ads,LC_Dangsan-dong,54312.6394,android
2022-11-10,Facebook Ads,LC_Dangsan-dong,54524.6818,ios
2022-11-10,Facebook Ads,LC_Dangsan-dong,327170.9411,ios
2022-11-10,Facebook Ads,LC_Dangsan-dong,378423.5665,android
2022-11-10,Facebook Ads,LC_Dangsan-dong,432143.0454,android
2022-11-10,Facebook Ads,LC_Mok-dong,109463.0764,android
2022-11-10,Facebook Ads,LC_Sillim-dong,54670.7799,ios
2022-11-10,Facebook Ads,LC_Sillim-dong,217983.0574,android
2022-11-10,Facebook Ads,SEOUL,35013.2272,ios
2022-11-10,Facebook Ads,SEOUL,35160.7333,ios
2022-11-10,Facebook Ads,SEOUL,35308.7195,android
2022-11-10,Facebook Ads,SEOUL,35476.8609,android
2022-11-10,Facebook Ads,SEOUL,35484.6485,android
2022-11-10,Facebook Ads,SEOUL,35642.2988,android
2022-11-10,Facebook Ads,SEOUL,71080.8495,ios
2022-11-11,Facebook Ads,LC_Guro-dong,54756.6727,ios
2022-11-11,Facebook Ads,LC_Guro-dong,109143.4817,android
2022-11-11,Facebook Ads,LC_Dangsan-dong,108300.2828,android
2022-11-11,Facebook Ads,LC_Dangsan-dong,108506.9827,android
2022-11-11,Facebook Ads,LC_Dangsan-dong,272432.489,ios
2022-11-11,Facebook Ads,LC_Mok-dong,164312.7755,ios
2022-11-11,Facebook Ads,LC_Mok-dong,216007.6711,android
2022-11-11,Facebook Ads,LC_Sillim-dong,54108.0398,android
2022-11-11,Facebook Ads,LC_Sillim-dong,54684.4072,ios
2022-11-11,Facebook Ads,LC_Sillim-dong,108230.2781,android
2022-11-11,Facebook Ads,SEOUL,35247.7033,android
2022-11-11,Facebook Ads,SEOUL,35296.2392,ios
2022-11-11,Facebook Ads,SEOUL,35381.94,android
2022-11-12,Facebook Ads,LC_Guro-dong,54163.7773,ios
2022-11-12,Facebook Ads,LC_Guro-dong,54168.9458,android
2022-11-12,Facebook Ads,LC_Guro-dong,54762.1818,ios
2022-11-12,Facebook Ads,LC_Guro-dong,216938.896,android
2022-11-12,Facebook Ads,LC_Dangsan-dong,54350.5242,android
2022-11-12,Facebook Ads,LC_Dangsan-dong,109112.1451,android
2022-11-12,Facebook Ads,LC_Dangsan-dong,109303.4981,ios
2022-11-12,Facebook Ads,LC_Dangsan-dong,163421.3982,android
2022-11-12,Facebook Ads,LC_Mok-dong,54587.9332,android
2022-11-12,Facebook Ads,LC_Mok-dong,109367.9131,ios
2022-11-12,Facebook Ads,LC_Sillim-dong,54580.4381,android
2022-11-12,Facebook Ads,SEOUL,35190.0046,android
2022-11-12,Facebook Ads,SEOUL,35250.7177,ios
2022-11-12,Facebook Ads,SEOUL,35263.099,android
2022-11-12,Facebook Ads,SEOUL,35673.9494,android
2022-11-13,Facebook Ads,LC_Guro-dong,54582.4842,ios
2022-11-13,Facebook Ads,LC_Dangsan-dong,54483.0558,android
2022-11-13,Facebook Ads,LC_Dangsan-dong,54609.8495,ios
2022-11-13,Facebook Ads,LC_Dangsan-dong,54737.851,android
2022-11-13,Facebook Ads,LC_Dangsan-dong,108144.0846,ios
2022-11-13,Facebook Ads,LC_Sillim-dong,54357.9382,android
2022-11-13,Facebook Ads,LC_Yeouido-dong,54053.7122,android
2022-11-14,Facebook Ads,LC_Guro-dong,54372.1547,android
2022-11-14,Facebook Ads,LC_Guro-dong,109102.2987,android
2022-11-14,Facebook Ads,LC_Guro-dong,109452.4699,ios
2022-11-14,Facebook Ads,LC_Dangsan-dong,54104.4258,ios
2022-11-14,Facebook Ads,LC_Dangsan-dong,383422.9683,android
2022-11-14,Facebook Ads,LC_Sillim-dong,54150.6848,android
2022-11-15,Facebook Ads,LC_Guro-dong,54105.4155,ios
2022-11-15,Facebook Ads,LC_Guro-dong,54588.5022,android
2022-11-15,Facebook Ads,LC_Dangsan-dong,54515.0436,android
2022-11-15,Facebook Ads,LC_Dangsan-dong,219193.3712,android
2022-11-15,Facebook Ads,LC_Mok-dong,108795.7782,android
2022-11-15,Facebook Ads,SEOUL,35008.0564,android
2022-11-15,Facebook Ads,SEOUL,35068.5129,ios
2022-11-15,Facebook Ads,SEOUL,71376.9932,android
2022-11-16,Facebook Ads,LC_Guro-dong,54075.531,android
2022-11-16,Facebook Ads,LC_Guro-dong,54529.383,android
2022-11-16,Facebook Ads,LC_Guro-dong,54611.998,android
2022-11-16,Facebook Ads,LC_Guro-dong,108229.7028,ios
2022-11-16,Facebook Ads,LC_Dangsan-dong,108723.4471,ios
2022-11-16,Facebook Ads,LC_Dangsan-dong,108806.2105,android
2022-11-16,Facebook Ads,LC_Dangsan-dong,270541.9849,android
2022-11-16,Facebook Ads,LC_Mok-dong,54647.0573,ios
2022-11-16,Facebook Ads,LC_Mok-dong,109396.8305,android
2022-11-16,Facebook Ads,LC_Mullae-dong,54641.6423,ios
2022-11-16,Facebook Ads,LC_Sillim-dong,54170.5735,android
2022-11-16,Facebook Ads,LC_Sillim-dong,54253.6103,ios
2022-11-16,Facebook Ads,LC_Sillim-dong,54705.9449,android
2022-11-16,Facebook Ads,SEOUL,35094.4364,android
2022-11-16,Facebook Ads,SEOUL,35376.8295,android
2022-11-16,Facebook Ads,SEOUL,35548.6537,android
2022-11-16,Facebook Ads,SEOUL,35583.4534,android
2022-11-16,Facebook Ads,SEOUL,35637.7657,ios
2022-11-16,Facebook Ads,SEOUL,70961.0986,ios
2022-11-17,Facebook Ads,LC_Guro-dong,108305.1535,android
2022-11-17,Facebook Ads,LC_Dangsan-dong,54143.1285,ios
2022-11-17,Facebook Ads,LC_Dangsan-dong,54338.9439,android
2022-11-17,Facebook Ads,LC_Dangsan-dong,54462.8902,ios
2022-11-17,Facebook Ads,LC_Dangsan-dong,163752.0074,android
2022-11-17,Facebook Ads,LC_Mok-dong,54336.4998,ios
2022-11-17,Facebook Ads,LC_Mok-dong,54796.8545,android
2022-11-17,Facebook Ads,LC_Sillim-dong,54284.1132,ios
2022-11-17,Facebook Ads,LC_Sillim-dong,54535.4758,ios
2022-11-17,Facebook Ads,SEOUL,35369.4082,android
2022-11-17,Facebook Ads,SEOUL,35597.4984,android
2022-11-17,Facebook Ads,SEOUL,106722.0228,android
2022-11-18,Facebook Ads,LC_Guro-dong,54060.1565,android
2022-11-18,Facebook Ads,LC_Guro-dong,54178.6541,android
2022-11-18,Facebook Ads,LC_Guro-dong,54619.9151,ios
2022-11-18,Facebook Ads,LC_Guro-dong,108010.5708,android
2022-11-18,Facebook Ads,LC_Dangsan-dong,54269.8043,ios
2022-11-18,Facebook Ads,LC_Dangsan-dong,108258.2562,android
2022-11-18,Facebook Ads,LC_Dangsan-dong,162737.7186,android
2022-11-18,Facebook Ads,LC_Mok-dong,108399.5329,android
2022-11-18,Facebook Ads,LC_Mullae-dong,108659.0888,android
2022-11-18,Facebook Ads,LC_Sillim-dong,54146.9131,android
2022-11-18,Facebook Ads,LC_Sillim-dong,54174.1861,ios
2022-11-18,Facebook Ads,SEOUL,35000.7527,android
2022-11-18,Facebook Ads,SEOUL,35070.2187,android
2022-11-18,Facebook Ads,SEOUL,35115.0157,ios
2022-11-18,Facebook Ads,SEOUL,35212.8045,android
2022-11-18,Facebook Ads,SEOUL,35529.312,ios
2022-11-18,Facebook Ads,SEOUL,35539.7202,android
2022-11-18,Facebook Ads,SEOUL,105478.6881,android
2022-11-19,Facebook Ads,LC_Dangsan-dong,54603.9072,android
2022-11-19,Facebook Ads,LC_Mok-dong,54550.2264,ios
2022-11-19,Facebook Ads,LC_Mok-dong,324004.7388,android
2022-11-19,Facebook Ads,LC_Mullae-dong,54569.5533,ios
2022-11-19,Facebook Ads,LC_Mullae-dong,109577.5576,android
2022-11-19,Facebook Ads,LC_Sillim-dong,54681.4671,android
2022-11-19,Facebook Ads,LC_Sillim-dong,54745.7891,android
2022-11-19,Facebook Ads,SEOUL,35012.2265,android
2022-11-19,Facebook Ads,SEOUL,35069.3816,ios
2022-11-19,Facebook Ads,SEOUL,35404.2412,android
2022-11-19,Facebook Ads,SEOUL,35529.3195,android
2022-11-19,Facebook Ads,SEOUL,35638.2362,ios
2022-11-19,Facebook Ads,SEOUL,70039.3432,android
2022-11-19,Facebook Ads,SEOUL,70454.252,android
2022-11-20,Facebook Ads,LC_Guro-dong,54375.275,ios
2022-11-20,Facebook Ads,LC_Guro-dong,108676.7735,android
2022-11-20,Facebook Ads,LC_Guro-dong,163854.3685,android
2022-11-20,Facebook Ads,LC_Dangsan-dong,54013.3746,ios
2022-11-20,Facebook Ads,LC_Dangsan-dong,54540.5584,android
2022-11-20,Facebook Ads,LC_Mok-dong,163744.3312,ios
2022-11-20,Facebook Ads,LC_Mok-dong,217173.0587,android
2022-11-20,Facebook Ads,LC_Mullae-dong,162005.9159,android
2022-11-20,Facebook Ads,LC_Sillim-dong,108038.7568,android
2022-11-20,Facebook Ads,SEOUL,35091.3493,android
2022-11-20,Facebook Ads,SEOUL,35108.0435,ios
2022-11-20,Facebook Ads,SEOUL,35194.3341,android
2022-11-20,Facebook Ads,SEOUL,35386.0754,android
2022-11-20,Facebook Ads,SEOUL,35552.231,android
2022-11-21,Facebook Ads,LC_Guro-dong,54051.2392,ios
2022-11-21,Facebook Ads,LC_Guro-dong,54690.9883,android
2022-11-21,Facebook Ads,LC_Guro-dong,54748.0715,android
2022-11-21,Facebook Ads,LC_Guro-dong,162944.709,android
2022-11-21,Facebook Ads,LC_Dangsan-dong,54764.6125,ios
2022-11-21,Facebook Ads,LC_Dangsan-dong,108622.0841,ios
2022-11-21,Facebook Ads,LC_Dangsan-dong,109119.7183,android
2022-11-21,Facebook Ads,LC_Mok-dong,54497.7456,ios
2022-11-21,Facebook Ads,LC_Mok-dong,218999.2454,android
2022-11-21,Facebook Ads,LC_Mullae-dong,54242.7659,android
2022-11-21,Facebook Ads,LC_Mullae-dong,54315.9569,ios
2022-11-21,Facebook Ads,LC_Sillim-dong,108497.3132,ios
2022-11-21,Facebook Ads,LC_Sillim-dong,216659.6753,android
2022-11-21,Facebook Ads,SEOUL,35180.199,ios
2022-11-21,Facebook Ads,SEOUL,35491.9088,ios
2022-11-21,Facebook Ads,SEOUL,35633.6577,android
2022-11-21,Facebook Ads,SEOUL,70850.9898,android
2022-11-21,Facebook Ads,SEOUL,71088.0522,android
2022-11-21,Facebook Ads,SEOUL,105343.6024,android
2022-11-21,Facebook Ads,SEOUL,106216.0053,ios
2022-11-22,Facebook Ads,LC_Guro-dong,54528.6132,android
2022-11-22,Facebook Ads,LC_Dangsan-dong,54312.8982,ios
2022-11-22,Facebook Ads,LC_Dangsan-dong,109494.4873,android
2022-11-22,Facebook Ads,LC_Dangsan-dong,216049.1944,android
2022-11-22,Facebook Ads,LC_Mok-dong,164357.8784,android
2022-11-22,Facebook Ads,LC_Sillim-dong,54125.2486,android
2022-11-22,Facebook Ads,LC_Sillim-dong,54351.0518,android
2022-11-22,Facebook Ads,LC_Sillim-dong,54707.4264,ios
2022-11-22,Facebook Ads,SEOUL,35098.3488,android
2022-11-22,Facebook Ads,SEOUL,35491.9592,android
2022-11-22,Facebook Ads,SEOUL,70690.6772,android
2022-11-22,Facebook Ads,SEOUL,71012.2143,ios
2022-11-22,Facebook Ads,SEOUL,71030.1924,android
2022-11-22,Facebook Ads,SEOUL,71396.6687,ios
2022-11-22,Facebook Ads,SEOUL,140258.1104,android
2022-11-23,Facebook Ads,LC_Guro-dong,54190.9809,ios
2022-11-23,Facebook Ads,LC_Guro-dong,54193.3525,android
2022-11-23,Facebook Ads,LC_Dangsan-dong,54586.6464,android
2022-11-23,Facebook Ads,LC_Dangsan-dong,54722.7078,ios
2022-11-23,Facebook Ads,LC_Mok-dong,162567.4678,android
2022-11-23,Facebook Ads,LC_Sillim-dong,54044.8087,android
2022-11-23,Facebook Ads,SEOUL,35367.6965,android
2022-11-23,Facebook Ads,SEOUL,35462.1224,android
2022-11-23,Facebook Ads,SEOUL,35519.1695,ios
2022-11-24,Facebook Ads,LC_Guro-dong,54492.0727,android
2022-11-24,Facebook Ads,LC_Guro-dong,54712.7504,android
2022-11-24,Facebook Ads,LC_Dangsan-dong,54070.4621,ios
2022-11-24,Facebook Ads,LC_Dangsan-dong,54147.2065,android
2022-11-24,Facebook Ads,LC_Mok-dong,54408.9333,ios
2022-11-24,Facebook Ads,LC_Mok-dong,54455.9007,android
2022-11-24,Facebook Ads,LC_Mullae-dong,54690.1587,android
2022-11-24,Facebook Ads,LC_Sillim-dong,54577.448,android
2022-11-24,Facebook Ads,SEOUL,35056.232,android
2022-11-24,Facebook Ads,SEOUL,35096.0695,android
2022-11-24,Facebook Ads,SEOUL,35344.827,ios
2022-11-24,Facebook Ads,SEOUL,35443.1971,ios
2022-11-24,Facebook Ads,SEOUL,35532.5398,android
2022-11-24,Facebook Ads,SEOUL,35564.4554,ios
2022-11-24,Facebook Ads,SEOUL,70566.8565,ios
2022-11-24,Facebook Ads,SEOUL,71074.0701,android
2022-11-25,Facebook Ads,LC_Guro-dong,54201.2848,android
2022-11-25,Facebook Ads,LC_Guro-dong,54541.7072,android
2022-11-25,Facebook Ads,LC_Dangsan-dong,108768.7387,android
2022-11-25,Facebook Ads,LC_Mok-dong,54275.1869,ios
2022-11-25,Facebook Ads,LC_Mok-dong,324334.7788,android
2022-11-25,Facebook Ads,SEOUL,35028.6329,ios
2022-11-25,Facebook Ads,SEOUL,35326.5295,ios
2022-11-25,Facebook Ads,SEOUL,35364.8485,android
2022-11-25,Facebook Ads,SEOUL,35519.3436,android
2022-11-25,Facebook Ads,SEOUL,70324.4074,android
2022-11-25,Facebook Ads,SEOUL,70861.0003,android
2022-11-26,Facebook Ads,LC_Guro-dong,54041.8551,android
2022-11-26,Facebook Ads,LC_Guro-dong,54273.4581,android
2022-11-26,Facebook Ads,LC_Dangsan-dong,54675.8288,android
2022-11-26,Facebook Ads,LC_Sindorim-dong,54678.0847,android
2022-11-26,Facebook Ads,SEOUL,35412.3577,ios
2022-11-26,Facebook Ads,SEOUL,35545.1683,ios
2022-11-26,Facebook Ads,SEOUL,35625.3419,ios
2022-11-26,Facebook Ads,SEOUL,70815.6013,android
2022-11-27,Facebook Ads,LC_Sillim-dong,54541.6187,android
2022-11-27,Facebook Ads,SEOUL,35422.8104,android
2022-11-27,Facebook Ads,SEOUL,35545.6508,ios
2022-11-28,Facebook Ads,LC_Guro-dong,54395.5596,android
2022-11-28,Facebook Ads,LC_Dangsan-dong,54574.0383,android
2022-11-28,Facebook Ads,LC_Sindorim-dong,108636.4072,android
2022-11-28,Facebook Ads,SEOUL,35284.8184,android
2022-11-28,Facebook Ads,SEOUL,35350.5349,android
2022-11-28,Facebook Ads,SEOUL,35476.4023,ios
2022-11-28,Facebook Ads,SEOUL,35572.052,ios
2022-11-28,Facebook Ads,SEOUL,35603.4742,android
2022-11-28,Facebook Ads,SEOUL,71258.7367,android
2022-11-29,Facebook Ads,SEOUL,35055.6964,ios
2022-11-29,Facebook Ads,SEOUL,35144.327,android
2022-11-29,Facebook Ads,SEOUL,35163.6352,ios
2022-11-29,Facebook Ads,SEOUL,35201.7943,android
2022-11-29,Facebook Ads,SEOUL,35296.7253,android
2022-11-29,Facebook Ads,SEOUL,35333.3342,ios
2022-11-29,Facebook Ads,SEOUL,35339.121,ios
2022-11-29,Facebook Ads,SEOUL,35443.2067,ios
2022-11-29,Facebook Ads,SEOUL,105034.8981,android
2022-11-29,Facebook Ads,SEOUL,140876.5722,android
2022-11-30,Facebook Ads,SEOUL,35022.296,ios
2022-11-30,Facebook Ads,SEOUL,35142.5731,android
2022-11-30,Facebook Ads,SEOUL,35248.7054,android
2022-11-30,Facebook Ads,SEOUL,35344.7396,android
2022-11-30,Facebook Ads,SEOUL,35579.1912,android
2022-11-30,Facebook Ads,SEOUL,70408.12,ios
2022-11-30,Facebook Ads,SEOUL,70936.8521,ios
2022-11-30,Facebook Ads,SEOUL,71388.3104,android
2022-11-30,Facebook Ads,SEOUL,105741.0118,android